Deployment_id,Longitude,Latitude,o1,o2,o3,o4,o5,d1,d2,d3,d4,d5,p1,p2,p3,p4,p5,e1,e2,e3,e4,e5
CT-UC-01-01,-75.55105556,4.713222222,0,0,0,0,0,1,1,1,1,1,0,0,0,0,0,9.5,10,10,10,4.5
CT-UC-01-02,-75.53441667,4.730583333,0,0,0,0,0,1,1,1,1,1,0,0,0,0,0,9.5,10,10,10,2.5
CT-UC-01-03,-75.54613889,4.713333333,0,0,0,0,0,1,1,1,0,1,0,0,1,0,0,9.5,10,10,10,4.5
CT-UC-01-04,-75.5415,4.714583333,0,0,0,0,0,1,1,1,1,1,0,0,0,0,0,9.5,10,10,10,4.5
CT-UC-01-05,-75.55419444,4.714666667,0,0,0,0,0,0,1,1,1,1,0,0,0,0,0,9.5,10,10,10,10
CT-UC-01-07,-75.53922222,4.732138889,0,0,0,0,0,1,1,1,1,1,0,1,0,0,0,9.5,10,10,10,3.5
CT-UC-01-08,-75.57769444,4.772333333,0,0,0,0,0,0,0,1,1,0,0,0,0,0,0,9.5,10,10,10,10
CT-UC-01-09,-75.57291667,4.774027778,0,0,0,0,0,1,1,1,0,0,0,0,0,0,0,9.5,10,10,10,2.5
CT-UC-01-10,-75.56666944,4.777138889,0,0,0,0,0,0,0,0,0,0,0,0,0,0,0,9.5,10,10,10,10
CT-UC-01-11,-75.58356389,4.797861111,0,1,0,0,0,1,1,1,1,1,0,0,0,0,0,9.5,10,10,10,2.5
CT-UC-01-12,-75.58325,4.764416667,0,0,0,0,0,0,1,1,0,1,0,0,0,0,0,9.5,10,10,10,3.5
CT-UC-01-13,-75.58130556,4.768861111,0,0,0,0,0,1,1,1,0,0,0,0,0,0,0,9.5,10,10,10,3.5
CT-UC-01-14,-75.54294444,4.729472222,0,0,0,0,0,0,1,1,1,0,0,0,0,0,0,9.5,10,10,10,3.5
CT-UC-01-15,-75.55266667,4.732722222,0,0,0,0,0,1,1,0,1,0,0,0,0,1,0,9.5,10,10,10,3.5
CT-UC-01-16,-75.54,4.721055556,0,0,0,0,0,1,0,0,1,0,1,1,1,1,0,9.5,10,10,10,0.5
CT-UC-01-17,-75.56258333,4.728083333,0,0,0,0,0,1,0,0,1,0,1,1,1,0,0,9.5,10,10,10,2.5
CT-UC-01-18,-75.54877778,4.729972222,0,0,0,0,0,0,0,0,0,0,0,0,0,0,0,9.5,10,10,10,10
CT-UC-01-20,-75.55869444,4.725361111,0,0,0,0,0,0,0,0,0,0,0,0,0,0,0,9.5,10,10,10,1.5
CT-UC-01-21,-75.53575,4.735333333,0,0,0,0,0,1,1,1,1,1,0,0,0,0,0,9.5,10,10,10,3.5
CT-UC-01-22,-75.54827778,4.719111111,0,0,0,0,0,1,0,0,0,0,0,0,0,0,0,9.5,10,10,10,2.5
CT-UC-01-23,-75.56230556,4.719944444,0,0,0,0,0,0,1,0,0,0,0,0,0,0,0,9.5,10,10,10,2.5
CT-UC-01-24,-75.55341667,4.72475,0,0,0,0,0,1,0,1,1,0,1,0,1,0,0,9.5,10,10,10,3.5
CT-UC-01-25,-75.5491,4.723777778,0,0,0,0,0,1,1,0,1,0,1,1,1,1,0,9.5,10,10,10,4.5
CT-UC-01-26,-75.55744444,4.733055556,0,0,0,0,0,1,0,0,1,1,1,0,0,0,0,9.5,10,10,10,6.5
CT-UC-01-27,-75.55761111,4.720111111,0,0,0,0,0,1,1,1,1,0,0,0,0,0,0,9.5,10,10,10,3.5
CT-UC-01-28,-75.56475,4.723611111,0,0,0,0,0,1,1,1,1,0,0,0,0,0,0,9.5,10,10,10,2.5
CT-UC-01-29,-75.54469444,4.722027778,0,0,0,0,0,1,0,0,1,0,0,0,0,0,0,9.5,10,10,10,4.5
CT-UC-01-30,-75.55297222,4.71925,0,0,0,0,0,1,0,1,1,0,0,0,0,0,0,9.5,10,10,10,1.5
CT-UC-01-31,-75.55733333,4.776083333,0,0,0,0,0,0,0,0,0,0,0,0,0,0,0,9.5,10,10,10,10
CT-UC-02-35,-75.53880556,4.705277778,0,0,0,0,0,0,0,0,1,0,0,0,0,0,0,9.5,10,10,10,4.5
CT-UC-02-34,-75.54375,4.707111111,0,0,0,0,0,1,1,1,1,0,0,0,0,0,0,9.5,10,10,10,0.5
CT-UC-02-01,-75.56972222,4.733611111,0,0,0,0,0,1,0,0,0,0,0,0,0,0,0,9.5,10,10,10,5.5
CT-UC-02-02,-75.56988889,4.738388889,0,0,0,0,0,1,1,0,0,0,0,0,1,0,0,9.5,10,10,10,5.5
CT-UC-02-03,-75.56547222,4.73825,0,0,0,0,0,0,1,1,0,0,0,0,1,0,0,9.5,10,10,10,5.5
CT-UC-02-04,-75.56094444,4.7385,0,0,0,0,0,1,0,1,0,0,0,0,1,1,0,9.5,10,10,10,5.5
CT-UC-02-05,-75.55780556,4.741805556,0,0,0,0,0,0,1,0,0,0,0,0,0,0,0,9.5,10,10,10,5.5
CT-UC-02-06,-75.58108333,4.75125,0,0,0,0,0,1,1,0,0,0,0,0,0,0,0,9.5,10,10,10,5.5
CT-UC-02-07,-75.57630556,4.751027778,0,0,0,0,0,1,0,0,1,0,0,0,0,0,0,9.5,10,10,10,5.5
CT-UC-02-08,-75.57166667,4.751055556,0,0,0,0,0,0,1,1,0,0,0,0,0,1,0,9.5,10,10,10,5.5
CT-UC-02-10,-75.56772222,4.753388889,0,0,0,0,0,0,0,0,0,0,0,0,0,0,0,9.5,10,10,10,5.5
CT-UC-02-11,-75.56730556,4.759333333,0,0,0,0,0,1,0,0,0,0,0,0,0,0,0,9.5,10,10,10,5.5
CT-UC-02-12,-75.56258333,4.7605,0,0,0,0,0,0,0,1,0,0,0,0,0,1,0,9.5,10,10,10,5.5
CT-UC-02-13,-75.55858333,4.762722222,0,0,0,0,0,0,0,1,1,0,0,0,1,0,1,9.5,10,10,10,5.5
CT-UC-02-14,-75.53416667,4.700472222,0,0,0,0,0,0,1,1,1,0,0,0,0,0,0,9.5,10,10,10,5.5
CT-UC-02-15,-75.5295,4.699777778,0,0,0,0,0,0,1,0,0,1,0,0,0,0,0,9.5,10,10,10,5.5
CT-UC-02-16,-75.52433333,4.699361111,0,0,0,0,0,1,1,0,0,0,0,0,0,0,0,9.5,10,10,10,5.5
CT-UC-02-17,-75.52122222,4.702583333,0,0,0,0,0,1,1,1,0,1,0,0,0,0,0,9.5,10,10,10,5.5
CT-UC-02-18,-75.51744444,4.705388889,0,0,0,0,0,0,0,0,0,0,0,0,0,0,0,9.5,10,10,10,5.5
CT-UC-02-21,-75.51330556,4.70825,0,0,0,0,0,0,1,1,1,0,0,0,0,0,0,9.5,10,10,10,5.5
CT-UC-02-22,-75.50852778,4.706277778,0,0,0,0,0,1,1,0,0,0,0,0,0,0,0,9.5,10,10,10,5.5
CT-UC-02-23,-75.50372222,4.705111111,0,0,0,0,0,1,1,1,0,0,0,0,0,0,0,9.5,10,10,10,5.5
CT-UC-02-24,-75.49902778,4.706277778,0,0,0,0,0,0,1,0,0,0,0,0,0,0,0,9.5,10,10,10,5.5
CT-UC-02-25,-75.56886111,4.723055556,0,0,0,0,0,0,0,0,0,0,0,0,0,0,0,9.5,10,10,10,0.5
CT-UC-02-26,-75.48961111,4.709361111,0,0,0,0,0,1,0,0,0,0,0,0,0,0,0,9.5,10,10,10,5.5
CT-UC-02-27,-75.49413889,4.706611111,0,0,0,0,0,1,1,0,1,0,0,0,0,0,0,9.5,10,10,10,5.5
CT-UC-02-28,-75.51733333,4.700222222,0,0,0,0,0,0,1,0,0,0,1,0,0,0,0,9.5,10,10,10,5.5
CT-UC-02-29,-75.56288889,4.715361111,0,0,0,0,0,0,0,1,0,0,0,0,0,0,0,9.5,10,10,10,0.5
CT-UC-02-30,-75.55847222,4.714527778,0,0,0,0,0,1,1,0,0,0,0,0,0,0,0,9.5,10,10,10,0.5
CT-UC-02-31,-75.51255556,4.698225,0,0,0,0,0,1,0,1,1,1,0,0,0,0,0,9.5,10,10,10,5.5
CT-UC-02-32,-75.55786111,4.709861111,0,0,0,0,0,0,0,0,0,0,0,0,0,0,0,9.5,10,10,10,0.5
CT-UC-02-33,-75.54863889,4.708861111,0,0,0,0,0,1,1,1,1,0,0,0,0,0,0,9.5,10,10,10,0.5
PU_Oct-Dec2017_CT-PU-01-01,-76.35786,1.78917,0,0,0,0,0,1,1,0,1,1,0,0,0,0,0,9.5,10,10,10,4.5
PU_Oct-Dec2017_CT-PU-02-01,-76.33517,1.81078,0,0,0,0,0,0,0,0,0,0,0,0,0,0,0,9.5,10,10,10,10
PU_Oct-Dec2017_CT-PU-01-02,-76.35872,1.78528,0,0,0,0,0,1,1,0,0,0,0,0,0,0,0,9.5,10,10,10,4.5
PU_Oct-Dec2017_CT-PU-02-02,-76.33972,1.8105,0,0,0,0,0,0,0,1,0,0,0,0,0,0,0,9.5,10,10,10,10
PU_Oct-Dec2017_CT-PU-01-03,-76.34894,1.79267,0,0,0,0,0,0,0,0,0,0,0,0,0,0,0,9.5,10,10,10,4.5
PU_Oct-Dec2017_CT-PU-02-03,-76.33497,1.81547,0,0,0,0,0,0,0,0,0,0,0,0,0,0,0,9.5,10,10,10,10
PU_Oct-Dec2017_CT-PU-01-04,-76.34411,1.79256,0,0,0,0,0,0,0,0,0,1,0,0,0,0,0,9.5,10,10,10,5.5
PU_Oct-Dec2017_CT-PU-02-04,-76.33992,1.80581,0,0,0,0,0,0,0,0,0,0,0,0,0,0,0,9.5,10,10,10,10
PU_Oct-Dec2017_CT-PU-01-05,-76.33142,1.79267,0,0,0,0,0,0,0,0,0,0,0,0,0,0,0,9.5,10,10,10,7.5
PU_Oct-Dec2017_CT-PU-02-05,-76.33506,1.82014,0,0,0,0,0,0,0,0,0,0,0,0,0,0,0,9.5,10,10,10,8.5
PU_Oct-Dec2017_CT-PU-01-06,-76.33569,1.79264,0,0,0,0,0,0,0,0,0,0,0,0,0,0,0,9.5,10,10,10,9.5
PU_Oct-Dec2017_CT-PU-02-06,-76.34472,1.80606,0,0,0,0,0,0,0,0,0,0,0,0,0,0,0,9.5,10,10,10,10
PU_Oct-Dec2017_CT-PU-01-07,-76.33939,1.79753,0,0,0,0,0,0,0,0,0,0,0,0,0,0,0,9.5,10,10,10,9.5
PU_Oct-Dec2017_CT-PU-02-07,-76.34858,1.80564,0,0,0,0,0,0,0,0,0,0,0,0,0,0,1,9.5,10,10,10,10
PU_Oct-Dec2017_CT-PU-01-08,-76.34406,1.79703,0,0,0,0,0,0,0,0,0,0,0,0,0,0,0,9.5,10,10,10,4.5
PU_Oct-Dec2017_CT-PU-02-08,-76.34028,1.82436,0,0,0,0,0,0,0,0,0,0,0,0,0,0,0,9.5,10,10,10,8.5
PU_Oct-Dec2017_CT-PU-01-10,-76.3395,1.79267,0,0,0,0,0,0,0,0,0,0,0,0,0,0,0,9.5,10,10,10,7.5
PU_Oct-Dec2017_CT-PU-02-10,-76.33969,1.8195,0,0,0,0,0,0,0,0,0,0,0,0,0,0,0,9.5,10,10,10,8.5
PU_Oct-Dec2017_CT-PU-01-12,-76.33081,1.78792,0,0,0,0,0,0,0,0,0,0,0,0,0,0,0,9.5,10,10,10,6.5
PU_Oct-Dec2017_CT-PU-02-12,-76.33961,1.81536,0,0,0,0,0,0,0,0,0,0,0,0,0,0,0,9.5,10,10,10,8.5
PU_Oct-Dec2017_CT-PU-01-13,-76.33511,1.78831,0,0,0,0,0,0,0,0,0,0,0,0,0,0,0,9.5,10,10,10,5.5
PU_Oct-Dec2017_CT-PU-02-13,-76.33067,1.77844,0,0,0,0,0,0,0,0,0,0,0,0,0,0,0,9.5,10,10,10,5.5
PU_Oct-Dec2017_CT-PU-01-14,-76.33961,1.7831,1,0,0,0,0,0,1,0,0,0,0,0,0,0,0,9.5,10,10,10,5.5
PU_Oct-Dec2017_CT-PU-02-14,-76.33036,1.77433,0,0,0,0,0,0,0,0,0,0,0,0,0,0,0,9.5,10,10,10,1.5
PU_Oct-Dec2017_CT-PU-01-15,-76.33961,1.77908,0,0,0,0,0,0,0,0,0,0,0,0,0,0,0,9.5,10,10,10,10
PU_Oct-Dec2017_CT-PU-02-15,-76.33517,1.7691,0,0,0,0,NA,0,0,0,0,NA,0,0,0,0,NA,9.5,10,10,8.5,NA
PU_Oct-Dec2017_CT-PU-01-16,-76.35797,1.78786,0,0,0,0,0,0,1,0,1,0,0,0,0,0,0,9.5,10,10,10,1.5
PU_Oct-Dec2017_CT-PU-02-16,-76.34092,1.77042,0,0,0,0,NA,0,0,0,1,NA,0,0,0,0,NA,9.5,10,10,8.5,NA
PU_Oct-Dec2017_CT-PU-01-17,-76.35375,1.78786,0,0,0,0,0,1,0,0,1,0,0,0,0,0,0,9.5,10,10,10,1.5
PU_Oct-Dec2017_CT-PU-02-17,-76.33992,1.76583,0,0,0,0,NA,0,0,0,0,NA,0,0,0,0,NA,9.5,10,10,8.5,NA
PU_Oct-Dec2017_CT-PU-01-18,-76.33931,1.80103,0,0,0,0,0,0,0,0,0,1,0,0,0,0,0,9.5,10,10,10,7.5
PU_Oct-Dec2017_CT-PU-02-18,-76.34519,1.75636,0,1,0,0,NA,0,0,0,0,NA,0,0,0,0,NA,9.5,10,10,8.5,NA
PU_Oct-Dec2017_CT-PU-01-21,-76.35339,1.79242,0,0,0,0,0,0,0,0,0,0,0,0,0,0,0,9.5,10,10,10,1.5
PU_Oct-Dec2017_CT-PU-02-21,-76.34444,1.76086,0,0,0,0,NA,0,0,0,0,NA,0,0,0,0,NA,9.5,10,10,7.5,NA
PU_Oct-Dec2017_CT-PU-01-22,-76.34889,1.80175,1,0,0,0,0,0,0,0,0,0,0,0,0,0,0,9.5,10,10,10,8.5
PU_Oct-Dec2017_CT-PU-02-22,-76.34056,1.76108,0,0,0,0,NA,0,0,0,0,NA,0,0,0,0,NA,9.5,10,10,7.5,NA
PU_Oct-Dec2017_CT-PU-01-23,-76.34419,1.8015,0,0,0,0,1,0,0,0,0,0,0,0,0,0,0,9.5,10,10,10,8.5
PU_Oct-Dec2017_CT-PU-02-23,-76.33542,1.77425,0,0,0,0,NA,0,0,0,0,NA,0,0,0,0,NA,9.5,10,10,7.5,NA
PU_Oct-Dec2017_CT-PU-01-24,-76.34972,1.79711,1,0,0,0,0,0,0,0,0,0,1,0,0,0,0,9.5,10,10,10,8.5
PU_Oct-Dec2017_CT-PU-02-24,-76.33975,1.77492,0,0,0,0,NA,0,0,0,0,NA,0,0,0,0,NA,9.5,10,10,7.5,NA
PU_Oct-Dec2017_CT-PU-01-25,-76.34403,1.78925,0,0,0,0,0,0,0,0,0,0,0,0,0,0,0,9.5,10,10,10,0.5
PU_Oct-Dec2017_CT-PU-02-25,-76.3491,1.76075,0,0,0,0,NA,0,0,1,0,NA,0,0,0,0,NA,9.5,10,10,7.5,NA
PU_Oct-Dec2017_CT-PU-01-26,-76.33106,1.79694,0,0,0,0,0,0,0,0,0,0,0,0,0,0,0,9.5,10,10,10,2.5
PU_Oct-Dec2017_CT-PU-02-26,-76.3445,1.76503,0,0,0,0,NA,0,0,0,0,NA,0,0,0,0,NA,9.5,10,10,7.5,NA
PU_Oct-Dec2017_CT-PU-01-27,-76.33081,1.80175,0,0,0,0,0,0,0,0,0,0,0,0,0,0,0,9.5,10,10,10,2.5
PU_Oct-Dec2017_CT-PU-02-27,-76.32642,1.77875,0,0,0,0,NA,0,0,0,0,NA,0,0,0,0,NA,9.5,10,10,8.5,NA
PU_Oct-Dec2017_CT-PU-01-28,-76.34511,1.7835,0,0,0,0,0,0,0,0,0,0,0,0,0,0,0,9.5,10,10,10,0.5
PU_Oct-Dec2017_CT-PU-02-28,-76.33078,1.76981,0,0,0,0,NA,0,0,0,0,NA,0,0,0,0,NA,9.5,10,10,7.5,NA
PU_Oct-Dec2017_CT-PU-01-29,-76.33975,1.78792,0,0,1,0,0,0,0,0,1,0,0,0,0,0,0,9.5,10,10,10,3.5
PU_Oct-Dec2017_CT-PU-02-29,-76.33444,1.76081,0,0,0,0,NA,0,0,0,0,NA,0,0,0,0,NA,9.5,10,10,6.5,NA
PU_Oct-Dec2017_CT-PU-01-30,-76.33497,1.80131,0,0,0,0,0,0,0,0,0,0,0,0,0,0,0,9.5,10,10,10,2.5
PU_Oct-Dec2017_CT-PU-02-30,-76.33506,1.75511,0,0,0,0,NA,0,0,0,0,NA,0,0,0,0,NA,9.5,10,10,6.5,NA
PU_Oct-Dec2017_CT-PU-01-31,-76.33072,1.78361,0,0,0,0,0,0,1,0,0,0,0,0,0,0,0,9.5,10,10,10,1.5
PU_Oct-Dec2017_CT-PU-02-31,-76.33956,1.75142,0,0,0,0,NA,0,0,0,0,NA,0,0,0,0,NA,9.5,10,10,6.5,NA
PU_Oct-Dec2017_CT-PU-01-32,-76.33511,1.78344,0,0,0,0,NA,0,0,0,0,NA,0,0,0,0,NA,9.5,10,10,7.5,NA
PU_Oct-Dec2017_CT-PU-02-32,-76.34017,1.7471,0,0,0,0,NA,0,1,0,0,NA,0,0,0,0,NA,9.5,10,10,6.5,NA
PU_Oct-Dec2017_CT-PU-01-33,-76.35825,1.79244,0,0,0,0,NA,1,0,1,0,NA,0,0,0,0,NA,9.5,10,10,3.5,NA
PU_Oct-Dec2017_CT-PU-02-33,-76.33997,1.74228,0,0,0,0,NA,0,0,0,0,NA,0,0,0,0,NA,9.5,10,10,6.5,NA
PU_Oct-Dec2017_CT-PU-01-34,-76.34883,1.78808,0,1,0,0,NA,1,0,0,0,NA,0,0,0,0,NA,9.5,10,10,3.5,NA
PU_Oct-Dec2017_CT-PU-02-34,-76.34394,1.74217,0,0,0,0,NA,0,0,0,0,NA,0,0,0,0,NA,9.5,10,10,6.5,NA
PU_Oct-Dec2017_CT-PU-01-09,-76.35872,1.78789,0,0,NA,NA,NA,1,1,NA,NA,NA,0,0,NA,NA,NA,9.5,1.5,NA,NA,NA
ECU-014-D0024,-77.9804191773474,-1.0525397281862,0,0,0,0,NA,0,0,0,0,NA,0,0,0,0,NA,9.5,10,10,3.5,NA
ECU-014-D0009,-78.0189902713523,-1.2089614701523,0,0,0,0,NA,0,0,0,0,NA,0,0,0,0,NA,9.5,10,10,4.5,NA
ECU-014-D0021,-77.9424851270214,-1.1167897575089,0,0,0,NA,NA,0,0,0,NA,NA,0,0,0,NA,NA,9.5,10,8.5,NA,NA
ECU-014-D0023,-77.9727818258107,-1.06332580558956,0,0,0,0,NA,0,0,0,0,NA,0,0,0,0,NA,9.5,10,10,3.5,NA
ECU-014-D0027,-77.8946003725238,-0.922706258048023,0,1,0,0,NA,0,0,0,0,NA,0,0,0,0,NA,9.5,10,10,3.5,NA
ECU-014-D0001,-78.2147070701149,-1.32382617655263,0,0,0,0,NA,0,0,0,0,NA,0,0,0,0,NA,9.5,10,10,5.5,NA
ECU-014-D0003,-78.1883811038078,-1.32510651940707,0,0,0,0,NA,0,0,0,0,NA,0,0,0,0,NA,9.5,10,10,4.5,NA
ECU-014-D0029,-77.9410412698588,-1.1091112152986,0,0,0,0,NA,0,0,0,0,NA,0,0,0,0,NA,9.5,10,10,3.5,NA
ECU-014-D0017,-77.9998909123242,-1.1279705632478,1,1,1,0,NA,0,0,0,0,NA,0,0,0,0,NA,9.5,10,10,3.5,NA
ECU-014-D0013,-77.981217180771,-1.07961674683774,0,0,0,0,NA,0,0,0,0,NA,0,0,0,0,NA,9.5,10,10,3.5,NA
ECU-014-D0007,-77.9875792630313,-1.27182808866345,0,0,0,0,NA,0,0,0,0,NA,0,0,0,0,NA,9.5,10,10,5.5,NA
ECU-014-D0020,-77.9610499795844,-1.12726076064038,0,0,0,0,NA,0,0,0,0,NA,0,0,0,0,NA,9.5,10,10,3.5,NA
ECU-014-D0026,-77.8864838426113,-0.920390716176324,0,0,0,0,NA,0,0,0,0,NA,0,0,0,0,NA,9.5,10,10,3.5,NA
ECU-014-D0011,-77.9562296034819,-1.09107081249989,0,0,0,0,NA,0,0,0,0,NA,0,0,0,0,NA,9.5,10,10,3.5,NA
ECU-014-D0012,-77.9680313268018,-1.1071234644092,0,1,0,0,NA,0,0,0,0,NA,0,0,0,0,NA,9.5,10,10,3.5,NA
ECU-014-D0005,-77.9955183892026,-1.29052996391793,0,0,0,0,NA,0,0,0,0,NA,0,0,0,0,NA,9.5,10,10,5.5,NA
ECU-014-D0025,-77.9107065676459,-0.947766657387788,1,0,1,0,NA,0,0,0,0,NA,0,0,0,0,NA,9.5,10,10,3.5,NA
ECU-014-D0028,-77.8817085158684,-0.909325777484266,0,0,0,0,NA,0,0,0,0,NA,0,0,0,0,NA,9.5,10,10,3.5,NA
ECU-014-D0015,-77.9995612951284,-1.09488547264585,1,0,0,0,NA,0,0,0,0,NA,0,0,0,0,NA,9.5,10,10,3.5,NA
ECU-014-D0019,-77.9813287452677,-1.12849577769512,0,0,1,0,NA,0,0,0,0,NA,0,0,0,0,NA,9.5,10,10,3.5,NA
ECU-014-D0002,-78.2097974546496,-1.33837838401629,0,1,0,0,NA,0,0,0,0,NA,0,0,0,0,NA,9.5,10,10,5.5,NA
ECU-014-D0004,-78.191538196402,-1.32799271767792,0,0,NA,NA,NA,0,0,NA,NA,NA,0,0,NA,NA,NA,9.5,3.5,NA,NA,NA
ECU-014-D0006,-77.9947157671458,-1.29503026693,0,0,0,0,NA,0,0,0,0,NA,0,0,0,0,NA,9.5,10,10,5.5,NA
ECU-014-D0018,-77.9930702068213,-1.12027997553829,0,0,0,1,NA,0,0,0,0,NA,0,0,0,0,NA,9.5,10,10,3.5,NA
ECU-014-D0022,-77.8907032080035,-0.909752246975156,0,0,0,NA,NA,0,0,0,NA,NA,0,0,0,NA,NA,9.5,10,8.5,NA,NA
ECU-014-D0010,-78.0095726507915,-1.21832021032184,0,0,0,0,NA,0,0,0,0,NA,0,0,0,0,NA,9.5,10,10,4.5,NA
ECU-014-D0014,-77.9881539347166,-1.08699140541256,0,0,1,0,NA,0,0,0,0,NA,0,0,0,0,NA,9.5,10,10,3.5,NA
ECU-014-D0008,-77.9927923201012,-1.26977109234628,0,0,0,0,NA,0,0,0,0,NA,0,0,0,0,NA,9.5,10,10,5.5,NA
ECU-014-D0016,-78.0118318554014,-1.10131074674428,1,1,0,0,NA,0,0,0,0,NA,0,0,0,0,NA,9.5,10,10,3.5,NA
ECU-015-D0001,-78.2640739988982,-1.13652853554363,0,0,0,0,0,0,0,0,0,0,0,0,0,0,0,9.5,10,10,10,3.5
ECU-015-D0002,-78.2590777434004,-1.13165289357112,0,0,0,0,0,0,0,0,0,0,0,0,0,0,0,9.5,10,10,10,4.5
ECU-015-D0003,-78.2691985205172,-1.14819107592961,0,0,0,0,0,0,0,0,0,0,0,0,0,0,0,9.5,10,10,10,9.5
ECU-015-D0004,-78.2590508315787,-1.15994729351332,0,0,0,0,0,0,0,0,0,0,0,0,0,0,0,9.5,10,10,10,4.5
ECU-015-D0005,-78.2671770823362,-1.13055808525043,0,0,0,0,1,0,0,1,0,0,0,0,0,0,0,9.5,10,10,10,5.5
ECU-015-D0006,-78.2672924450749,-1.16039813060176,0,0,0,0,0,0,0,0,0,0,0,0,0,0,0,9.5,10,10,10,4.5
ECU-015-D0012,-78.2725088930006,-1.14146171799258,0,0,0,0,0,0,0,0,0,0,0,0,0,0,0,9.5,10,10,10,1.5
ECU-015-D0007,-78.2654198195989,-1.14698552863118,0,1,0,0,NA,0,0,0,0,NA,0,0,0,0,NA,9.5,10,10,7.5,NA
ECU-015-D0008,-78.2684450273428,-1.15689292059595,0,0,0,0,0,1,1,1,0,0,0,0,0,0,0,9.5,10,10,10,4.5
ECU-015-D0009,-78.2438335733618,-1.15917332092774,0,0,0,0,0,0,0,0,0,0,0,0,0,0,0,9.5,10,10,10,5.5
ECU-015-D0010,-78.2639333071396,-1.15234298071638,0,0,0,0,0,0,0,1,0,0,0,0,0,0,0,9.5,10,10,10,4.5
ECU-015-D0011,-78.2476112647525,-1.16134584819565,0,0,0,0,0,0,0,0,0,0,0,0,0,0,0,9.5,10,10,10,5.5
ECU-015-D0013,-78.2508511108508,-1.16265936017077,0,0,0,NA,NA,0,0,1,NA,NA,0,0,0,NA,NA,9.5,10,5.5,NA,NA
ECU-015-D0014,-78.2881301559151,-1.14257008476605,0,0,0,0,0,0,0,0,0,0,0,0,0,0,0,9.5,10,10,10,7.5
ECU-015-D0015,-78.2513274174758,-1.16218087654179,0,0,0,0,0,0,0,0,1,0,0,0,0,0,0,9.5,10,10,10,4.5
ECU-015-D0016,-78.3048765841459,-1.14085081181427,0,0,0,0,0,0,0,0,0,0,0,0,0,0,0,9.5,10,10,10,7.5
ECU-015-D0017,-78.2504629653391,-1.16480973768959,0,0,0,0,0,0,0,1,0,0,0,0,0,0,0,9.5,10,10,10,5.5
ECU-015-D0018,-78.3064960623439,-1.14688920395959,0,0,0,0,0,0,0,0,0,0,0,0,0,0,0,9.5,10,10,10,1.5
ECU-015-D0019,-78.2632709728015,-1.13119599946646,0,0,0,0,0,0,0,0,0,0,0,0,0,0,0,9.5,10,10,10,0.5
ECU-015-D0020,-78.3134040594073,-1.14508828819188,0,0,0,1,NA,0,0,0,0,NA,0,0,0,0,NA,9.5,10,10,4.5,NA
ECU-015-D0021,-78.2776693652619,-1.1436355244149,0,0,0,0,0,0,0,0,0,0,0,0,0,0,0,9.5,10,10,10,0.5
ECU-015-D0022,-78.3196850354484,-1.14751621180474,0,0,0,0,NA,0,0,0,0,NA,0,0,0,0,NA,9.5,10,10,3.5,NA
ECU-015-D0023,-78.2812178448054,-1.14147002391453,0,0,0,0,0,0,0,0,0,0,0,0,0,0,0,9.5,10,10,10,0.5
ECU-015-D0024,-78.2994404423016,-1.14529196592843,1,0,0,1,NA,0,0,0,0,NA,0,0,0,0,NA,9.5,10,10,9.5,NA
ECU-015-D0025,-78.317144424655,-1.15674089817836,0,0,0,0,0,0,0,0,0,0,0,0,0,0,0,9.5,10,10,10,7.5
ECU-015-D0026,-78.3183503706568,-1.15375069640061,0,0,0,NA,NA,0,0,0,NA,NA,0,0,0,NA,NA,9.5,10,2.5,NA,NA
ECU-015-D0027,-78.3207868226505,-1.15987127961268,0,0,0,0,0,0,0,0,0,0,0,0,0,0,0,9.5,10,10,10,6.5
ECU-015-D0028,-78.3232716669396,-1.16226854454529,0,0,0,0,0,0,0,0,0,0,0,0,0,0,0,9.5,10,10,10,6.5
ECU-015-D0029,-78.3264784825486,-1.14150372518148,0,0,0,0,0,0,0,0,0,0,0,0,0,0,0,9.5,10,10,10,6.5
ECU-015-D0030,-78.3317307040736,-1.13207358161081,0,0,0,0,0,0,0,0,0,0,0,0,0,0,0,9.5,10,10,10,6.5
ECU-016-D0001,-78.313603275698,-0.996822873886638,0,0,0,0,0,0,1,0,0,1,0,0,0,0,0,19.5,20,20,20,12.5
ECU-016-D0002,-78.3246690772739,-0.991038996698706,0,0,0,0,0,1,1,1,1,1,1,0,0,0,0,19.5,20,20,20,12.5
ECU-016-D0003,-78.3542847517757,-0.995879988647785,0,1,0,0,0,1,0,0,0,1,0,0,0,0,0,19.5,20,20,20,11.5
ECU-016-D0004,-78.365777719618,-0.972382285899272,0,0,0,0,0,0,0,0,0,0,0,0,0,0,0,19.5,20,20,20,11.5
ECU-016-D0005,-78.3843801464516,-0.962120871686598,0,0,0,0,NA,0,0,0,0,NA,0,0,0,0,NA,19.5,20,20,18.5,NA
ECU-016-D0006,-78.3531225233927,-0.955074395246355,0,1,0,0,0,0,0,0,0,0,0,0,0,0,0,19.5,20,20,20,12.5
ECU-016-D0007,-78.3771469692285,-0.933565019739335,0,1,0,0,0,0,0,0,0,0,0,0,0,0,0,19.5,20,20,20,10.5
ECU-016-D0008,-78.3760516522343,-0.883748141801822,0,0,0,0,NA,0,0,0,0,NA,0,0,0,0,NA,19.5,20,20,16.5,NA
ECU-016-D0009,-78.3356648364274,-0.912611912396559,0,NA,NA,NA,NA,0,NA,NA,NA,NA,1,NA,NA,NA,NA,13,NA,NA,NA,NA
ECU-016-D0010,-78.3048641467321,-0.920875930852356,1,1,0,1,0,0,0,0,0,0,0,0,0,0,0,19.5,20,20,20,16.5
ECU-016-D0011,-78.3512292136223,-1.13576083378729,0,0,0,0,0,0,0,0,0,0,0,0,0,0,0,19.5,20,20,20,8.5
ECU-016-D0012,-78.3715329309622,-1.15285172219585,1,0,0,0,0,0,0,0,0,0,0,0,0,0,0,19.5,20,20,20,8.5
ECU-016-D0013,-78.3766982349141,-1.06879648517743,0,0,0,0,0,0,0,0,0,0,0,0,0,0,0,19.5,20,20,20,8.5
ECU-016-D0014,-78.3654437494423,-1.05238342631279,0,0,0,0,0,0,0,0,0,0,0,0,0,0,0,19.5,20,20,20,8.5
ECU-016-D0015,-78.3687673678189,-0.875048690077872,0,0,0,0,0,0,0,0,0,0,0,0,0,0,0,19.5,20,20,20,11.5
ECU-016-D0016,-78.3261150252801,-0.845538375847288,0,1,0,0,0,0,0,0,0,0,0,0,0,1,0,19.5,20,20,20,13.5
ECU-016-D0017,-78.39053344873,-0.884219348127664,0,0,0,0,0,0,0,0,0,0,0,0,0,0,0,19.5,20,20,20,11.5
ECU-016-D0018,-78.3293985230757,-0.887410949959762,0,0,0,0,0,0,0,0,0,0,0,0,0,0,0,19.5,20,20,20,11.5
ECU-016-D0019,-78.4550378191958,-0.854944163627037,0,0,0,0,0,0,0,0,0,0,0,0,0,0,0,19.5,20,20,20,12.5
ECU-016-D0020,-78.3890431095644,-0.921833783984329,0,0,0,0,0,0,0,0,0,0,0,0,0,0,0,19.5,20,20,20,12.5
ECU-016-D0021,-78.3948165942219,-0.857461205612007,0,0,0,0,0,0,0,0,0,0,0,0,0,0,0,19.5,20,20,20,10.5
ECU-016-D0022,-78.3609887321019,-0.9052017798989,0,1,0,0,0,0,0,0,0,0,0,0,0,0,0,19.5,20,20,20,8.5
ECU-016-D0023,-78.4375819803528,-1.23318038812679,0,0,0,0,NA,0,0,0,0,NA,0,0,0,0,NA,19.5,20,20,12.5,NA
ECU-016-D0024,-78.4644052341464,-1.24222654018078,0,0,1,0,NA,0,0,0,0,NA,0,0,0,0,NA,19.5,20,20,12.5,NA
ECU-016-D0025,-78.4608085026123,-1.274959913614,0,0,0,0,NA,0,0,1,0,NA,0,0,0,0,NA,19.5,20,20,11.5,NA
ECU-016-D0026,-78.4310104177473,-1.26843173538928,0,0,0,0,NA,0,1,1,1,NA,0,0,0,0,NA,19.5,20,20,11.5,NA
ECU-016-D0027,-78.3915116380421,-1.28331342089696,0,1,0,0,NA,0,0,0,0,NA,0,0,0,0,NA,19.5,20,20,11.5,NA
ECU-016-D0028,-78.390811686788,-1.28286081023407,0,0,NA,NA,NA,0,0,NA,NA,NA,0,0,NA,NA,NA,19.5,1.5,NA,NA,NA
CT-LC-2-01,-77.102497,0.931988,0,0,0,0,0,0,0,0,1,0,0,1,0,0,1,19.5,20,20,20,20
CT-LC-2-02,-77.147101,0.953796,0,0,1,0,0,1,0,0,0,0,0,0,0,0,0,19.5,20,20,20,10.5
CT-LC-2-03,-77.085049,0.933112,0,0,0,0,NA,0,0,0,0,NA,0,0,0,0,NA,19.5,20,20,17.5,NA
CT-LC-2-05,-77.093707,0.935661,0,0,0,0,0,0,0,0,0,0,0,0,0,0,0,19.5,20,20,20,4.5
CT-LC-2-07,-77.138633,0.954144,0,0,0,0,0,0,0,0,0,0,0,0,0,0,0,19.5,20,20,20,14.5
CT-LC-2-08,-77.137946,0.949534,0,0,0,0,0,0,0,0,0,0,0,0,0,0,0,19.5,20,20,20,10.5
CT-LC-2-09,-77.143537,0.935903,1,0,0,NA,NA,0,0,0,NA,NA,0,0,0,NA,NA,19.5,20,12.5,NA,NA
CT-LC-2-10,-77.150994,0.959748,1,0,1,0,0,0,0,0,0,0,0,0,0,0,0,19.5,20,20,20,10.5
CT-LC-2-11,-77.142606,0.959802,0,0,0,0,0,0,0,0,0,0,0,0,0,0,0,19.5,20,20,20,10.5
CT-LC-2-12,-77.133984,0.940213,1,0,0,0,0,0,0,0,0,0,0,0,0,0,0,19.5,20,20,20,9.5
CT-LC-2-13,-77.135634,0.945421,0,0,0,0,0,0,0,0,0,0,0,0,0,0,0,19.5,20,20,20,8.5
CT-LC-2-14,-77.142655,0.954258,0,0,NA,NA,NA,0,0,NA,NA,NA,0,0,NA,NA,NA,19.5,5.5,NA,NA,NA
CT-LC-2-15,-77.13537,0.95912,1,0,0,0,0,0,0,0,0,0,0,0,0,0,0,19.5,20,20,20,10.5
CT-LC-2-16,-77.089166,0.934891,0,0,NA,NA,NA,0,0,NA,NA,NA,0,1,NA,NA,NA,19.5,7.5,NA,NA,NA
CT-LC-2-17,-77.13423,0.954008,0,1,1,1,1,0,0,0,0,0,0,0,0,0,0,19.5,20,20,20,10.5
CT-LC-2-18,-77.081093,0.935275,0,0,0,0,NA,0,0,0,0,NA,0,0,0,0,NA,19.5,20,20,17.5,NA
CT-LC-2-20,-77.148115,0.936517,0,0,0,0,0,0,0,0,0,0,0,0,0,0,0,19.5,20,20,20,20
CT-LC-2-21,-77.125035,0.927207,0,0,0,0,0,0,0,0,0,0,0,0,0,0,0,19.5,20,20,20,11.5
CT-LC-2-22,-77.13462,0.931394,1,0,0,0,0,0,0,0,0,0,0,0,0,0,0,19.5,20,20,20,10.5
CT-LC-2-23,-77.125292,0.940405,1,1,1,1,0,0,0,0,0,0,0,0,0,0,0,19.5,20,20,20,5.5
CT-LC-2-24,-77.106723,0.934419,0,0,0,0,0,0,0,0,0,0,0,0,0,0,0,19.5,20,20,20,6.5
CT-LC-2-25,-77.142657,0.932113,0,1,1,1,1,0,0,0,0,0,0,0,0,0,0,19.5,20,20,20,10.5
CT-LC-2-26,-77.147589,0.9407,0,NA,NA,NA,NA,0,NA,NA,NA,NA,0,NA,NA,NA,NA,10,NA,NA,NA,NA
CT-LC-2-27,-77.147387,0.959657,0,0,0,0,0,0,0,0,0,0,0,0,0,0,0,19.5,20,20,20,11.5
CT-LC-2-29,-77.124985,0.936682,0,0,NA,NA,NA,0,0,NA,NA,NA,0,0,NA,NA,NA,19.5,0.5,NA,NA,NA
CT-LC-2-30,-77.098035,0.933072,0,0,NA,NA,NA,0,0,NA,NA,NA,0,1,NA,NA,NA,19.5,7.5,NA,NA,NA
CT-LC-2-31,-77.129165,0.932367,0,0,1,1,0,0,0,0,0,0,0,0,0,0,0,19.5,20,20,20,7.5
CT-LC-2-32,-77.138181,0.940549,0,0,0,0,0,0,0,0,0,0,0,0,0,0,0,19.5,20,20,20,6.5
CT-LC-2-33,-77.120423,0.94121,0,1,0,0,0,0,0,0,0,0,0,1,0,0,0,19.5,20,20,20,5.5
CT-LC-2-35,-77.102819,0.935541,0,0,0,0,0,1,0,0,0,0,0,0,0,0,0,19.5,20,20,20,6.5
CT-LC-2-06,-77.138412,0.931378,0,0,0,0,0,0,0,0,0,0,0,0,0,0,0,19.5,20,20,20,10.5
CT-LC-2-34,-77.138446,0.959419,0,0,NA,NA,NA,0,0,NA,NA,NA,0,0,NA,NA,NA,19.5,9.5,NA,NA,NA
CT-LC-2-38,-77.130154,0.936507,0,0,0,0,0,1,0,0,0,0,0,0,0,0,0,19.5,20,20,20,12.5
CT-LC-2-41,-77.129818,0.94117,1,1,1,1,0,0,0,0,0,0,0,0,0,0,0,19.5,20,20,20,5.5
CT-LC-2-42,-77.12113,0.935896,0,0,0,0,0,0,0,0,0,0,0,0,0,0,0,19.5,20,20,20,7.5
CT-LC-2-43,-77.120658,0.944696,0,0,0,0,0,0,0,0,0,0,0,0,0,0,0,19.5,20,20,20,5.5
CT-LC-2-44,-77.143043,0.927586,0,0,1,0,0,0,0,0,0,0,0,0,0,0,0,19.5,20,20,20,10.5
CT-LC-2-46,-77.128592,0.926322,0,0,0,0,0,0,0,0,0,0,0,0,0,0,0,19.5,20,20,20,2.5
CT-LC-2-47,-77.13828,0.945231,0,0,0,0,0,0,0,0,0,0,0,0,0,0,0,19.5,20,20,20,10.5
CT-LC-2-51,-77.128262,0.922261,0,0,0,0,0,0,0,0,0,0,0,0,0,0,0,19.5,20,20,20,2.5
CT-LC-2-54,-77.129784,0.950073,0,0,0,0,0,0,0,0,0,0,0,0,0,0,0,19.5,20,20,20,20
CT-LC-2-55,-77.11148,0.9342,0,0,0,0,0,0,1,0,0,0,0,0,0,0,0,19.5,20,20,20,20
CT-LC-2-59,-77.142921,0.94944,0,1,0,0,0,0,0,0,0,0,0,0,0,0,0,19.5,20,20,20,11.5
CT-LC-2-60,-77.128831,0.918569,0,0,0,0,0,0,0,0,0,0,0,0,0,0,0,19.5,20,20,20,2.5
CT-LC-2-61,-77.120458,0.926816,0,0,1,0,0,0,0,0,0,0,0,0,0,0,0,19.5,20,20,20,11.5
CT-LC-2-62,-77.120358,0.93132,0,0,0,0,0,1,0,1,0,0,0,0,0,0,0,19.5,20,20,20,11.5
CT-LC-2-63,-77.112238,0.930474,0,0,0,0,0,0,0,0,0,0,0,0,0,0,0,19.5,20,20,20,19.5
CT-LC-2-64,-77.115976,0.931426,0,0,0,0,0,0,0,0,0,0,0,0,0,0,0,19.5,20,20,20,19.5
CT-LC-2-65,-77.129259,0.914912,0,0,0,0,0,0,0,0,0,0,0,0,0,0,0,19.5,20,20,20,2.5
CT-LC-2-66,-77.107014,0.931458,0,0,0,0,0,0,0,0,0,0,0,1,0,0,1,19.5,20,20,20,4.5
CT-LC-2-67,-77.125129,0.93166,0,0,0,0,0,0,0,0,0,0,0,0,0,0,0,19.5,20,20,20,11.5
CT-LC-2-57,-77.138322,0.927518,0,NA,NA,NA,NA,0,NA,NA,NA,NA,0,NA,NA,NA,NA,1,NA,NA,NA,NA
